{"web":{"client_id":"332633455912-d7obb2nbub0h8lgcn93ogr8736g5vj1a.apps.googleusercontent.com","project_id":"script-craft-381915","auth_uri":"https://accounts.google.com/o/oauth2/auth","token_uri":"https://oauth2.googleapis.com/token","auth_provider_x509_cert_url":"https://www.googleapis.com/oauth2/v1/certs","client_secret":"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","redirect_uris":["https://api-scriptcraft.ai"],"javascript_origins":["https://scriptcraft.ai","https://demo-scriptcraft.ai","http://localhost:3000"]}}